UB,LB,Time
496841.15934865363,266340.82630011387,144.831031778
486118.68571998226,486118.6857246453,94.73383189399999
