UB,LB,Time
496841.15934865316,185463.21962465087,88.576818771
486118.68572582543,451804.0459247647,98.267627831
486118.68572768907,486118.6857269733,73.69251620200001
